,City,date,lat,lon,max_temp,clouds,wind,humidity,Country
0,zabol,1595986588,32.25,67.25,73.33,0,4.09,20,AF
1,east london,1595986588,-33.02,27.91,61.11,0,11.23,70,ZA
2,liberty,1595986373,31.83,-81.5,84.2,75,13.87,62,US
3,mangai,1595986588,-4.05,19.53,72.1,0,1.03,53,CD
4,gardenstown,1595986588,57.67,-2.34,54.0,100,37.0,79,GB
5,akureyri,1595986588,65.68,-18.09,48.2,90,2.24,81,IS
6,carnarvon,1595986321,-24.87,113.63,64.4,0,12.75,68,AU
7,hilo,1595986588,19.73,-155.09,80.6,90,12.75,69,US
8,lagoa,1595986588,39.05,-27.98,73.13,44,15.39,90,PT
9,qaanaaq,1595986588,77.48,-69.36,40.89,26,3.29,73,GL
10,ushuaia,1595986589,-54.8,-68.3,35.6,40,28.86,80,AR
11,gat,1595986589,31.61,34.76,79.0,0,1.01,58,IL
12,puerto ayora,1595986589,-0.74,-90.35,66.99,76,1.01,94,EC
13,cape town,1595986512,-33.93,18.42,51.01,0,5.82,87,ZA
14,upernavik,1595986589,72.79,-56.15,43.36,100,8.72,90,GL
15,bluff,1595986519,-46.6,168.33,49.23,100,6.31,70,NZ
16,naze,1595986589,28.37,129.48,87.8,20,8.05,84,JP
17,chokurdakh,1595986589,70.63,147.92,51.57,86,13.4,56,RU
18,albany,1595986518,42.6,-73.97,75.0,24,3.89,92,US
19,kathmandu,1595986375,27.72,85.32,69.8,75,2.24,100,NP
20,puerto escondido,1595986589,15.85,-97.07,81.88,100,3.11,75,MX
21,marystown,1595986590,47.17,-55.15,59.04,71,5.08,95,CA
22,bredasdorp,1595986444,-34.53,20.04,42.8,0,3.36,93,ZA
23,kudahuvadhoo,1595986590,2.67,72.89,82.72,100,16.55,77,MV
24,chichi,1595986590,7.27,8.93,72.55,100,6.64,93,NG
25,acapulco,1595986411,16.86,-99.89,84.2,90,1.52,79,MX
26,cururupu,1595986365,-1.83,-44.87,73.83,9,3.06,91,BR
27,severo-kurilsk,1595986590,50.68,156.12,54.09,54,18.1,78,RU
28,warrensburg,1595986590,38.76,-93.74,80.01,9,3.8,83,US
29,znamenskoye,1595986590,57.13,73.83,54.61,100,7.4,62,RU
30,sarakhs,1595986590,36.54,61.16,84.2,0,2.24,48,IR
31,quelimane,1595986590,-17.88,36.89,62.74,25,3.6,94,MZ
32,bambous virieux,1595986590,-20.34,57.76,69.8,20,4.7,83,MU
33,thompson,1595986416,55.74,-97.86,69.8,20,5.82,56,CA
34,punta arenas,1595986590,-53.15,-70.92,37.4,75,13.87,86,CL
35,vila franca do campo,1595986591,37.72,-25.43,71.6,40,6.93,94,PT
36,rikitea,1595986591,-23.12,-134.97,72.52,1,13.78,81,PF
37,tiksi,1595986591,71.69,128.87,45.27,99,10.56,77,RU
38,sao felix do xingu,1595986591,-6.64,-51.99,70.43,0,1.54,47,BR
39,hobart,1595986545,-42.88,147.33,48.99,100,8.05,75,AU
40,biak,1595986591,-0.91,122.88,78.58,99,7.9,80,ID
41,kapaa,1595986591,22.08,-159.32,80.6,90,14.99,78,US
42,sulangan,1595986591,11.14,123.72,83.17,98,7.85,73,PH
43,busselton,1595986591,-33.65,115.33,60.01,92,4.59,90,AU
44,victoria,1595986300,22.29,114.16,90.0,1,4.0,70,HK
45,hermanus,1595986571,-34.42,19.23,52.43,0,6.67,75,ZA
46,castro,1595986315,-24.79,-50.01,57.96,44,4.21,85,BR
47,bengkulu,1595986592,-3.8,102.27,79.7,3,4.54,77,ID
48,marietta,1595986584,33.95,-84.55,82.4,75,5.82,74,US
49,waddan,1595986592,29.16,16.14,70.2,0,2.93,79,LY
50,mataura,1595986570,-46.19,168.86,50.95,100,5.82,65,NZ
51,olafsvik,1595986592,64.89,-23.71,49.48,88,6.33,83,IS
52,hisar,1595986592,29.17,75.72,93.61,100,14.0,47,IN
53,menongue,1595986592,-14.66,17.69,46.81,0,3.8,55,AO
54,kedrovyy,1595986592,56.17,91.82,55.4,40,5.41,100,RU
55,half moon bay,1595986592,37.46,-122.43,73.4,90,8.05,87,US
56,isangel,1595986443,-19.55,169.27,78.8,40,17.22,65,VU
57,ilulissat,1595986592,69.22,-51.1,42.8,35,4.7,81,GL
58,leh,1595986593,34.17,77.58,60.98,2,5.35,40,IN
59,ilhabela,1595986593,-23.78,-45.36,74.66,23,6.13,61,BR
60,nurota,1595986593,40.56,65.69,78.8,0,9.17,29,UZ
61,saint george,1595986593,37.1,-113.58,102.99,1,14.99,7,US
62,ribeira grande,1595986593,38.52,-28.7,73.29,27,12.48,91,PT
63,gao,1595986593,16.64,1.64,88.14,96,10.27,48,ML
64,moron,1595986593,-34.65,-58.62,45.0,0,3.06,64,AR
65,geraldton,1595986593,-28.77,114.6,57.2,0,11.41,76,AU
66,saldanha,1595986593,-33.01,17.94,44.6,0,1.12,81,ZA
67,tasiilaq,1595986593,65.61,-37.64,41.0,63,5.82,100,GL
68,ancud,1595986352,-41.87,-73.82,39.0,77,3.36,100,CL
69,irbeyskoye,1595986594,55.64,95.45,69.24,5,4.9,65,RU
70,port alfred,1595986594,-33.59,26.89,57.74,0,12.84,80,ZA
71,cidreira,1595986594,-30.18,-50.21,46.76,37,10.6,75,BR
72,caravelas,1595986594,-17.71,-39.25,68.41,5,2.37,84,BR
73,vardo,1595986594,70.37,31.11,54.9,19,10.45,93,NO
74,broken hill,1595986575,-31.95,141.43,55.4,0,7.92,54,AU
75,lebu,1595986594,-37.62,-73.65,44.78,82,12.19,85,CL
76,igarka,1595986595,67.47,86.58,58.21,0,8.52,66,RU
77,kassala,1595986595,15.45,36.4,76.86,100,11.88,77,SD
78,caraballeda,1595986595,10.61,-66.85,70.0,93,4.14,89,VE
79,kahului,1595986543,20.89,-156.47,87.8,40,24.16,45,US
80,tual,1595986595,-5.67,132.75,78.31,97,22.73,81,ID
81,manokwari,1595986595,-0.87,134.08,81.41,88,1.28,77,ID
82,dikson,1595986595,73.51,80.55,47.25,100,14.27,78,RU
83,vila velha,1595986360,-20.33,-40.29,72.0,0,11.41,83,BR
84,la ronge,1595986595,55.1,-105.28,82.4,20,9.17,45,CA
85,sur,1595986596,22.57,59.53,87.28,38,5.57,63,OM
86,chuy,1595986511,-33.7,-53.46,39.15,0,7.05,82,UY
87,jamestown,1595986596,42.1,-79.24,70.0,1,8.05,60,US
88,leningradskiy,1595986596,69.38,178.42,41.79,28,5.5,69,RU
89,tabou,1595986596,4.42,-7.35,74.98,100,8.5,85,CI
90,majene,1595986596,-3.54,118.97,80.85,44,12.28,73,ID
91,aras,1595986596,42.56,-2.36,69.8,90,6.93,73,ES
92,binzhou,1595986596,37.37,118.02,88.27,0,3.74,54,CN
93,vaini,1595986596,-21.2,-175.2,73.4,20,20.8,60,TO
94,farmington,1595986596,36.73,-108.22,89.6,1,13.87,11,US
95,ponta do sol,1595986596,32.67,-17.1,71.6,20,5.82,68,PT
96,totma,1595986596,59.97,42.76,57.47,97,3.91,87,RU
97,baruun-urt,1595986596,46.68,113.28,65.86,80,11.3,65,MN
98,torbay,1595986596,47.67,-52.73,57.0,75,3.36,82,CA
99,lata,1595986597,40.16,-8.33,64.0,3,1.74,96,PT
100,diamantino,1595986597,-14.41,-56.45,73.63,0,2.15,38,BR
101,namibe,1595986314,-15.2,12.15,61.52,2,7.29,88,AO
102,fortuna,1595986597,40.6,-124.16,62.01,40,11.41,93,US
103,atuona,1595986597,-9.8,-139.03,80.11,1,24.38,72,PF
104,san juan,1595986597,-31.54,-68.54,46.0,0,2.04,52,AR
105,sterling,1595986597,39.01,-77.43,81.0,75,3.36,74,US
106,semey,1595986597,50.41,80.23,60.8,75,17.9,93,KZ
107,winnemucca,1595986597,40.97,-117.74,93.2,1,12.75,9,US
108,aswan,1595986597,24.09,32.91,88.05,0,1.72,33,EG
109,makakilo city,1595986597,21.35,-158.09,87.8,40,10.29,45,US
110,ginda,1595986598,30.69,78.49,78.8,90,3.36,94,IN
111,fairbanks,1595986598,64.84,-147.72,60.8,90,6.93,77,US
112,arraial do cabo,1595986598,-22.97,-42.03,73.4,0,10.29,78,BR
113,acarau,1595986598,-2.89,-40.12,77.52,0,13.24,82,BR
114,baykit,1595986598,61.67,96.37,66.63,43,4.63,64,RU
115,yar-sale,1595986598,66.83,70.83,51.84,85,8.25,80,RU
116,teguise,1595986598,29.06,-13.56,71.6,75,17.22,78,ES
117,mahebourg,1595986598,-20.41,57.7,69.8,20,4.7,83,MU
118,grindavik,1595986598,63.84,-22.43,50.0,90,5.82,100,IS
119,yenagoa,1595986598,4.92,6.26,73.78,100,3.24,92,NG
120,te anau,1595986598,-45.42,167.72,49.41,100,1.86,85,NZ
121,nanortalik,1595986598,60.14,-45.24,46.49,87,10.11,94,GL
122,buala,1595986583,-8.14,159.59,85.64,95,4.9,70,SB
123,portland,1595986084,45.52,-122.68,88.0,20,8.05,29,US
124,aranos,1595986599,-24.13,19.12,46.87,0,8.39,49,NA
125,porto novo,1595986599,6.5,2.6,75.2,20,5.82,94,BJ
126,sao filipe,1595986599,14.9,-24.5,77.09,100,4.81,83,CV
127,dajal,1595986599,29.56,70.38,93.13,0,20.78,52,PK
128,basco,1595986599,20.45,121.97,85.39,100,14.23,78,PH
129,port lincoln,1595986599,-34.73,135.87,60.28,25,10.2,62,AU
130,lovozero,1595986599,68.0,35.01,54.66,0,7.07,90,RU
131,iqaluit,1595986599,63.75,-68.51,64.4,75,10.29,59,CA
132,praia da vitoria,1595986600,38.73,-27.07,75.2,20,8.7,78,PT
133,kropotkin,1595986600,45.44,40.58,66.54,83,7.96,83,RU
134,salinas,1595986600,36.68,-121.66,68.0,1,16.11,64,US
135,touros,1595986600,-5.2,-35.46,69.8,20,3.36,94,BR
136,rognan,1595986600,67.1,15.39,62.6,40,20.8,67,NO
137,kodiak,1595986600,57.79,-152.41,69.8,1,4.7,49,US
138,butaritari,1595986600,3.07,172.79,83.39,100,19.64,78,KI
139,bethel,1595986337,41.37,-73.41,75.2,1,3.36,78,US
140,mikuni,1595986600,36.22,136.15,77.0,75,4.7,88,JP
141,barrow,1595986560,71.29,-156.79,42.8,90,20.8,81,US
142,brovst,1595986601,57.1,9.53,55.99,84,5.99,90,DK
143,georgetown,1595986509,5.41,100.34,80.6,20,9.04,83,MY
144,new norfolk,1595986601,-42.78,147.06,48.99,92,1.01,91,AU
145,faya,1595986601,18.39,42.45,62.6,40,11.41,93,SA
146,kochki,1595986601,54.34,80.48,59.81,66,7.61,87,RU
147,kaniama,1595986601,-7.57,24.18,60.42,31,1.95,49,CD
148,tuatapere,1595986601,-46.13,167.68,53.62,100,5.44,75,NZ
149,pangnirtung,1595986601,66.15,-65.71,50.79,90,1.19,80,CA
150,eskisehir,1595986362,39.78,30.52,60.8,0,2.24,77,TR
151,cherskiy,1595986601,68.75,161.3,51.39,14,14.67,51,RU
152,lompoc,1595986601,34.64,-120.46,64.99,3,11.41,72,US
153,dongsheng,1595986560,39.82,109.98,78.62,11,10.71,50,CN
154,guarapari,1595986602,-20.67,-40.5,72.0,0,11.41,83,BR
155,hithadhoo,1595986602,-0.6,73.08,82.74,99,13.04,76,MV
156,port blair,1595986602,11.67,92.75,84.25,99,16.62,76,IN
157,faanui,1595986602,-16.48,-151.75,79.39,75,16.15,74,PF
158,westport,1595986602,41.14,-73.36,86.0,90,6.93,51,US
159,asau,1595986602,46.43,26.4,64.0,0,4.45,87,RO
160,saint-philippe,1595986602,-21.36,55.77,71.6,79,16.11,78,RE
161,saskylakh,1595986602,71.92,114.08,56.84,0,2.3,55,RU
162,liverpool,1595986602,53.41,-2.98,59.0,79,13.87,72,GB
163,nishihara,1595986602,26.18,127.76,89.6,40,12.75,74,JP
164,guerrero negro,1595986602,27.98,-114.06,68.92,19,18.19,78,MX
165,sandwick,1595986603,60.0,-1.25,53.6,100,19.46,93,GB
166,kutum,1595986603,14.2,24.67,74.21,71,25.03,74,SD
167,bilma,1595986603,18.69,12.92,90.88,10,9.98,27,NE
168,port elizabeth,1595986603,-33.92,25.57,55.4,37,10.29,87,ZA
169,imbituba,1595986540,-28.24,-48.67,55.4,90,10.29,87,BR
170,keti bandar,1595986603,24.14,67.45,86.09,86,21.9,74,PK
171,banda aceh,1595986603,5.56,95.32,81.01,96,9.33,71,ID
172,korla,1595986603,41.76,86.15,75.99,66,13.35,69,CN
173,avarua,1595986603,-21.21,-159.78,71.6,73,5.82,88,CK
174,bandarbeyla,1595986603,9.49,50.81,78.22,1,23.06,76,SO
175,airai,1595986604,-8.93,125.41,69.31,81,4.59,49,TL
176,auki,1595986604,-8.77,160.7,83.62,96,5.75,78,SB
177,puerto asis,1595986604,0.51,-76.5,73.09,48,2.35,83,CO
178,chapais,1595986359,49.78,-74.85,62.6,1,3.36,82,CA
179,provideniya,1595986604,64.38,-173.3,51.8,90,8.95,66,RU
180,praia,1595986604,14.92,-23.51,80.6,75,6.93,83,CV
181,birao,1595986604,10.28,22.79,72.1,100,8.48,93,CF
182,katherine,1595986604,-14.47,132.27,75.2,95,17.22,15,AU
183,luderitz,1595986584,-26.65,15.16,55.4,0,9.17,82,NA
184,yumen,1595986604,40.28,97.2,80.53,97,8.77,28,CN
185,valparaiso,1595986439,-33.04,-71.63,53.01,0,11.32,81,CL
186,kostomuksha,1595986604,64.57,30.58,53.62,53,5.66,88,RU
187,gimli,1595986604,50.63,-96.99,73.99,0,5.55,99,CA
188,coihaique,1595986605,-45.58,-72.07,35.6,75,5.82,74,CL
189,dingle,1595986605,11.0,122.67,83.5,96,4.72,77,PH
190,vilyuysk,1595986605,63.76,121.62,56.23,100,9.06,58,RU
191,hofn,1595986605,64.25,-15.21,50.76,0,4.5,82,IS
192,khatanga,1595986605,71.97,102.5,63.28,0,6.15,46,RU
193,batagay-alyta,1595986605,67.8,130.41,49.57,82,5.01,63,RU
194,constitucion,1595986470,-35.33,-72.42,44.76,58,6.82,71,CL
195,lavrentiya,1595986606,65.58,-171.0,48.25,44,6.85,74,RU
196,biltine,1595986606,14.53,20.92,80.08,51,13.51,71,TD
197,moerai,1595986606,-22.43,-151.33,68.34,100,8.52,91,PF
198,lebyazhye,1595986606,55.27,66.49,56.55,100,3.94,65,RU
199,douglas,1595986575,41.3,-96.17,86.0,40,4.7,62,US
200,longyearbyen,1595986606,78.22,15.64,51.8,75,11.41,81,SJ
201,chama,1595986606,47.18,8.46,68.0,97,2.24,94,CH
202,mangan,1595986606,27.52,88.53,75.52,100,0.43,59,IN
203,alta floresta,1595986606,-9.88,-56.09,73.83,14,3.58,43,BR
204,jumla,1595986606,29.27,82.18,63.91,100,3.71,70,NP
205,nouakchott,1595986606,18.09,-15.98,82.4,0,13.87,69,MR
206,sitka,1595986606,57.05,-135.33,60.8,75,10.29,77,US
207,kapit,1595986606,2.02,112.93,78.53,84,0.22,87,MY
208,lamar,1595986572,33.67,-95.58,82.99,1,4.7,74,US
209,san felipe,1595986606,10.34,-68.74,73.11,100,1.63,92,VE
210,mar del plata,1595986607,-38.0,-57.56,42.8,20,9.17,75,AR
211,bubaque,1595986607,11.28,-15.83,79.32,88,17.78,83,GW
212,tateyama,1595986607,34.98,139.87,77.0,75,10.29,100,JP
213,antananarivo,1595986607,-18.91,47.54,57.2,75,3.36,93,MG
214,roald,1595986607,62.58,6.13,57.2,57,5.82,93,NO
215,port hedland,1595986607,-20.32,118.57,77.0,0,17.22,13,AU
216,talnakh,1595986607,69.49,88.4,53.6,98,15.66,71,RU
217,powell river,1595986608,49.85,-124.54,73.4,40,6.93,64,CA
218,rosetta,1595986608,31.4,30.42,78.8,0,11.41,69,EG
219,yellowknife,1595986576,62.46,-114.35,73.4,20,12.75,38,CA
220,iskateley,1595986608,67.68,53.15,49.39,0,9.33,79,RU
221,tuktoyaktuk,1595986608,69.45,-133.04,48.2,90,10.29,87,CA
222,barda,1595986608,40.37,47.13,76.91,100,3.02,64,AZ
223,inhambane,1595986608,-23.86,35.38,60.19,0,1.59,66,MZ
224,muros,1595986609,42.78,-9.06,66.0,2,5.01,76,ES
225,le pont-de-claix,1595986609,45.12,5.71,64.0,56,1.01,84,FR
226,bardiyah,1595986609,31.76,25.09,74.5,0,11.27,73,LY
227,suining,1595986609,30.51,105.57,84.18,100,4.32,78,CN
228,santa maria,1595986609,-29.68,-53.81,42.8,0,4.7,81,BR
229,shimoda,1595986609,34.67,138.95,71.6,75,10.29,100,JP
230,pevek,1595986601,69.7,170.31,36.25,26,10.63,85,RU
231,balkanabat,1595986609,39.51,54.37,87.33,0,4.36,35,TM
232,miranda de ebro,1595986609,42.69,-2.95,63.0,75,5.82,93,ES
233,haines junction,1595986610,60.75,-137.51,52.07,100,0.49,86,CA
234,ahome,1595986610,25.92,-109.18,86.0,75,12.75,58,MX
235,cerro punta,1595986610,8.85,-82.57,68.0,100,7.0,84,PA
236,pisco,1595986610,-13.7,-76.22,62.6,90,5.82,77,PE
237,lhokseumawe,1595986544,5.18,97.15,77.13,100,7.38,80,ID
238,aklavik,1595986610,68.22,-135.01,53.6,90,10.29,100,CA
239,narsaq,1595986610,60.92,-46.05,48.2,100,3.36,76,GL
240,madera,1595986610,37.17,-119.83,98.01,0,1.01,18,US
241,hibbing,1595986377,47.43,-92.94,71.6,75,8.05,56,US
242,port-gentil,1595986610,-0.72,8.78,74.75,39,11.7,80,GA
243,changanacheri,1595986610,9.47,76.55,75.0,61,5.01,88,IN
244,nikolskoye,1595986610,59.7,30.79,62.01,20,4.47,93,RU
245,san cristobal,1595986610,7.77,-72.22,66.31,0,1.83,90,VE
246,ararat,1595986611,39.83,44.7,73.4,20,5.82,46,AM
247,tupik,1595986611,54.43,119.93,70.59,89,1.59,83,RU
248,langsa,1595986516,4.47,97.97,76.6,100,4.03,84,ID
249,egvekinot,1595986611,66.32,-179.17,46.54,98,2.86,88,RU
250,yeppoon,1595986611,-23.13,150.73,68.0,0,17.22,40,AU
251,strezhevoy,1595986585,60.73,77.59,50.0,90,2.46,100,RU
252,panara,1595986611,22.07,78.55,75.31,100,5.06,89,IN
253,nicoya,1595986611,10.15,-85.45,86.0,40,3.36,74,CR
254,xining,1595986611,36.62,101.77,75.0,5,2.3,44,CN
255,port hardy,1595986611,50.7,-127.42,62.6,40,13.87,67,CA
256,pozo colorado,1595986612,-23.49,-58.8,54.79,100,10.31,41,PY
257,havoysund,1595986612,71.0,24.66,66.2,21,10.29,59,NO
258,beidao,1595986612,34.57,105.89,82.71,98,10.65,40,CN
259,kadyy,1595986612,57.79,43.19,58.96,0,4.74,91,RU
260,luba,1595986612,3.46,8.55,77.0,20,8.05,100,GQ
261,nago,1595986612,26.59,127.98,87.8,20,14.99,74,JP
262,kenai,1595986612,60.55,-151.26,71.6,1,8.05,56,US
263,pochutla,1595986612,15.74,-96.47,75.97,100,2.82,91,MX
264,esperance,1595986612,-33.87,121.9,50.0,3,6.93,93,AU
265,honiara,1595986613,-9.43,159.95,89.6,40,4.7,62,SB
266,manjacaze,1595986613,-24.71,33.88,53.42,0,5.48,85,MZ
267,akot,1595986613,21.1,77.06,81.14,100,6.87,81,IN
268,aksu,1595986613,41.12,80.26,82.98,0,4.61,21,CN
269,nantucket,1595986459,41.28,-70.1,73.99,75,9.17,94,US
270,bathsheba,1595986613,13.22,-59.52,77.0,75,9.17,94,BB
271,meulaboh,1595986613,4.14,96.13,77.25,100,5.26,82,ID
272,am timan,1595986613,11.03,20.28,72.25,100,7.36,93,TD
273,chato,1595986613,-2.64,31.77,67.03,31,5.64,56,TZ
274,bagado,1595986613,5.41,-76.42,75.58,100,1.07,90,CO
275,kununurra,1595986614,-15.77,128.73,75.2,0,18.34,18,AU
276,santa isabel do rio negro,1595986614,-0.41,-65.02,73.26,77,2.21,95,BR
277,poya,1595986614,-21.35,165.15,73.99,100,12.82,75,NC
278,muriti,1595986614,-1.98,32.92,73.11,89,14.76,60,TZ
279,severo-yeniseyskiy,1595986614,60.37,93.04,59.58,88,2.53,75,RU
280,dalnerechensk,1595986614,45.93,133.72,78.33,1,8.75,76,RU
281,cabo san lucas,1595986615,22.89,-109.91,86.0,75,14.99,83,MX
282,suluktu,1595986615,39.93,69.57,78.8,20,4.47,34,KG
283,payo,1595986615,-3.75,103.64,83.03,37,0.58,55,ID
284,babati,1595986615,-4.22,35.75,55.2,9,1.59,91,TZ
285,nuevo progreso,1595986615,23.17,-97.95,80.01,100,1.01,66,MX
286,baghdad,1595986416,33.34,44.4,93.2,0,3.36,30,IQ
287,alofi,1595986615,-19.06,-169.92,71.6,75,23.04,88,NU
288,boden,1595986433,65.83,21.69,62.6,100,2.24,88,SE
289,vao,1595986615,-22.67,167.48,71.4,100,29.08,79,NC
290,kuusamo,1595986615,65.97,29.18,55.4,49,4.7,82,FI
291,pedernales,1595986615,18.04,-71.74,82.85,6,2.77,70,DO
292,salinopolis,1595986496,-0.61,-47.36,79.29,1,12.73,83,BR
293,kruisfontein,1595986615,-34.0,24.73,55.99,71,8.59,85,ZA
294,jaciara,1595986605,-15.97,-54.97,70.92,16,1.16,44,BR
295,jambi,1595986616,-1.6,103.62,78.75,42,3.94,81,ID
296,tabas,1595986512,33.6,56.92,89.6,0,2.24,18,IR
297,hovin,1595986616,63.11,10.22,62.01,89,1.01,78,NO
298,burns lake,1595986616,54.23,-125.75,70.21,99,6.91,31,CA
299,point pleasant,1595986616,40.08,-74.07,86.0,40,5.82,70,US
300,ambilobe,1595986616,-13.2,49.05,70.39,37,3.65,86,MG
301,coquimbo,1595986616,-29.95,-71.34,53.6,0,8.05,81,CL
302,yaya,1595986616,56.21,86.44,60.3,100,3.67,90,RU
303,samarai,1595986616,-10.62,150.67,78.67,36,16.53,87,PG
304,ondarroa,1595986616,43.32,-2.42,69.01,95,3.0,61,ES
305,sinnamary,1595986616,5.38,-52.95,79.29,1,12.5,85,GF
306,vanimo,1595986616,-2.67,141.3,83.89,35,4.99,72,PG
307,belyy yar,1595986616,53.6,91.39,62.6,7,3.02,82,RU
308,umm lajj,1595986617,25.02,37.27,84.76,57,5.35,83,SA
309,mahibadhoo,1595986617,3.78,72.97,82.47,96,16.42,77,MV
310,jagdalpur,1595986617,19.07,82.03,78.57,100,1.16,80,IN
311,taoudenni,1595986617,22.68,-3.98,91.99,97,11.43,36,ML
312,kavieng,1595986617,-2.57,150.8,85.51,41,7.96,64,PG
313,polyarnyy,1595986617,69.2,33.45,48.2,0,2.24,100,RU
314,zharkent,1595986617,44.16,80.0,76.24,100,6.93,34,KZ
315,blyth,1595986617,55.13,-1.51,51.01,0,13.87,81,GB
316,malinyi,1595986617,-8.93,36.13,66.47,58,1.77,72,TZ
317,koungheul,1595986617,13.98,-14.8,77.02,100,11.01,88,SN
318,fecamp,1595986617,49.76,0.37,59.0,40,9.17,82,FR
319,sabang,1595986617,5.89,95.32,82.49,98,12.66,70,ID
320,muscat,1595986606,23.61,58.59,89.6,24,2.24,66,OM
321,port macquarie,1595986618,-31.43,152.92,66.99,0,3.0,63,AU
322,porto belo,1595986618,-27.16,-48.55,59.0,75,14.99,87,BR
323,teya,1595986618,60.38,92.63,61.95,93,2.26,72,RU
324,hualmay,1595986618,-11.1,-77.61,58.8,3,8.23,83,PE
325,maningrida,1595986618,-12.07,134.27,80.37,24,13.94,34,AU
326,mahon,1595986618,39.89,4.27,75.2,9,9.17,94,ES
327,sikeston,1595986618,36.88,-89.59,82.4,1,3.36,83,US
328,charters towers,1595986618,-20.1,146.27,66.0,0,8.93,31,AU
329,mabaruma,1595986619,8.2,-59.78,74.37,100,2.19,96,GY
330,waipawa,1595986619,-41.41,175.52,57.99,50,9.17,76,NZ
331,pemangkat,1595986619,1.17,108.97,77.31,89,6.91,89,ID
332,saint-joseph,1595986619,-21.37,55.62,71.6,89,16.11,78,RE
333,sandakan,1595986619,5.84,118.12,82.4,20,4.59,88,MY
334,emba,1595986619,48.83,58.14,66.47,0,5.39,56,KZ
335,husavik,1595986619,66.04,-17.34,48.2,90,2.24,81,IS
336,perth,1595986410,-31.93,115.83,63.0,20,6.93,67,AU
337,le vauclin,1595986619,14.55,-60.84,84.99,100,13.87,88,MQ
338,san patricio,1595986619,19.22,-104.7,87.8,75,11.41,74,MX
339,sigli,1595986619,5.38,95.96,79.54,99,6.24,71,ID
340,kasane,1595986619,-17.82,25.15,48.13,0,4.03,67,BW
341,walvis bay,1595986619,-22.96,14.51,54.0,0,3.36,100,NA
342,bayeux,1595986619,-7.12,-34.93,73.4,75,5.82,88,BR
343,katsuura,1595986605,35.13,140.3,75.0,100,1.99,82,JP
344,singapore,1595986330,1.29,103.85,80.6,75,3.36,83,SG
345,sorong,1595986620,-0.88,131.25,80.94,92,10.11,83,ID
346,ust-ilimsk,1595986548,58.0,102.66,69.84,100,6.35,57,RU
347,merauke,1595986620,-8.47,140.33,80.4,81,16.44,76,ID
348,zhigansk,1595986620,66.77,123.37,53.92,0,23.35,58,RU
349,ahualulco,1595986620,22.4,-101.17,66.2,75,9.17,72,MX
350,puerto penasco,1595986620,31.32,-113.53,89.01,0,7.0,73,MX
351,mandalgovi,1595986620,45.76,106.27,72.77,100,14.52,37,MN
352,mitsamiouli,1595986620,-11.38,43.28,75.11,93,18.23,86,KM
353,coahuayana,1595986620,18.73,-103.68,77.22,100,2.98,89,MX
354,grass valley,1595986438,39.22,-121.06,93.99,1,6.93,21,US
355,lodwar,1595986621,3.12,35.6,79.0,22,10.87,57,KE
356,souillac,1595986621,-20.52,57.52,69.8,20,4.7,83,MU
357,mitchell,1595986334,43.71,-98.03,82.4,1,6.93,58,US
358,padang,1595986621,-0.95,100.35,81.27,26,2.95,72,ID
359,sao joao da barra,1595986621,-21.64,-41.05,71.28,0,13.85,85,BR
360,oarai,1595986621,36.32,140.6,71.6,75,10.29,94,JP
361,chake chake,1595986621,-5.25,39.77,76.03,93,12.86,78,TZ
362,ostrovnoy,1595986615,68.05,39.51,53.42,0,6.78,81,RU
363,monze,1595986621,-16.28,27.48,51.46,0,6.29,79,ZM
364,tereze,1595986622,43.94,42.44,62.6,42,4.47,82,RU
365,ust-koksa,1595986622,50.27,85.61,59.23,32,3.8,76,RU
366,cape canaveral,1595986622,28.41,-80.6,77.0,1,3.36,88,US
367,solano,1595986622,38.23,-121.95,100.4,1,19.46,35,US
368,vestmannaeyjar,1595986622,63.44,-20.27,51.91,100,5.84,93,IS
369,high level,1595986622,58.52,-117.14,71.6,40,4.7,35,CA
370,araouane,1595986622,18.9,-3.53,90.12,0,5.03,38,ML
371,kaitangata,1595986622,-46.28,169.85,51.01,100,11.01,70,NZ
372,vallenar,1595986622,-28.57,-70.76,63.91,0,0.63,29,CL
373,novikovo,1595986622,51.15,37.89,62.76,0,3.83,67,RU
374,kashi,1595986622,39.45,75.98,75.2,20,6.71,27,CN
375,plaeng yao,1595986622,13.58,101.28,89.01,100,3.06,88,TH
376,koslan,1595986623,63.46,48.9,59.29,100,3.09,87,RU
377,richards bay,1595986623,-28.78,32.04,57.29,0,7.2,87,ZA
378,salym,1595986623,60.06,71.48,52.95,93,3.94,75,RU
379,lasa,1595986623,46.62,10.7,60.01,5,3.36,93,IT
380,san luis,1595986623,-33.3,-66.34,43.2,0,5.73,56,AR
381,tocopilla,1595986623,-22.09,-70.2,58.06,3,1.1,61,CL
382,oranjemund,1595986564,-28.55,16.43,53.69,11,11.56,88,NA
383,north platte,1595986623,41.12,-100.77,82.0,1,5.82,57,US
384,witu,1595986623,-2.39,40.44,75.7,73,13.67,79,KE
385,tonantins,1595986623,-2.87,-67.8,72.27,8,0.74,96,BR
386,riyadh,1595986490,24.69,46.72,93.2,1,3.36,34,SA
387,laguna,1595986624,38.42,-121.42,96.8,1,8.05,28,US
388,buribay,1595986624,51.96,58.16,59.36,8,4.12,79,RU
389,port hawkesbury,1595986624,45.62,-61.35,66.99,90,8.05,100,CA
390,kalanguy,1595986624,51.02,116.52,69.42,99,5.14,81,RU
391,anif,1595986624,47.75,13.07,66.99,75,6.93,93,AT
392,okhotsk,1595986624,59.38,143.3,76.46,0,9.33,50,RU
393,yelabuga,1595986624,55.76,52.06,59.0,0,8.95,87,RU
394,ulladulla,1595986624,-35.35,150.47,62.01,1,8.05,67,AU
395,verd,1595986624,45.96,14.31,64.0,1,1.99,90,SI
396,forest grove,1595986624,45.52,-123.11,88.0,1,10.29,31,US
397,tautira,1595986624,-17.73,-149.15,82.4,75,19.46,65,PF
398,anahuac,1595986625,27.23,-100.15,78.8,75,6.93,78,MX
399,mishelevka,1595986625,52.86,103.17,61.88,100,5.59,82,RU
400,sungaipenuh,1595986625,-2.08,101.38,74.26,60,0.2,70,ID
401,norman wells,1595986625,65.28,-126.83,62.6,90,11.41,77,CA
402,fare,1595986625,-16.7,-151.02,80.13,79,14.23,73,PF
403,klaksvik,1595986625,62.23,-6.59,46.4,100,20.8,93,FO
404,hobyo,1595986571,5.35,48.53,76.89,0,18.23,82,SO
405,najran,1595986625,17.49,44.13,75.2,40,6.93,78,SA
406,barabai,1595986625,-2.58,115.38,85.71,16,1.16,58,ID
407,marion,1595986625,39.77,-86.16,79.0,1,5.82,57,US
408,senno,1595986625,59.53,33.92,59.36,100,5.59,97,RU
409,benxi,1595986625,41.29,123.77,80.6,40,8.95,69,CN
410,pueblo nuevo,1595986625,23.38,-105.38,59.76,100,0.74,100,MX
411,catamarca,1595986626,-28.47,-65.79,48.2,0,9.6,48,AR
412,gangtok,1595986626,27.33,88.62,66.87,100,0.29,81,IN
413,asopos,1595986626,36.73,22.87,77.13,0,7.49,46,GR
414,zalesovo,1595986626,53.99,84.74,63.5,97,6.62,89,RU
415,komsomolskiy,1595986626,40.43,71.72,77.0,75,9.17,50,UZ
416,tornio,1595986626,65.85,24.15,62.6,99,8.05,72,FI
417,general roca,1595986626,-39.03,-67.58,39.2,0,6.24,62,AR
418,santa margarita,1595986626,12.04,124.66,80.55,100,5.91,86,PH
419,tahta,1595986617,26.77,31.5,86.0,1,8.05,35,EG
420,paita,1595986626,-5.09,-81.11,61.45,0,12.39,84,PE
421,tucuman,1595986597,-26.82,-65.22,42.8,0,6.93,56,AR
422,wajir,1595986627,1.75,40.06,71.1,32,7.31,84,KE
423,hasaki,1595986627,35.73,140.83,75.0,75,14.99,88,JP
424,uthal,1595986627,25.81,66.62,86.47,73,8.3,66,PK
425,ahipara,1595986627,-35.17,173.17,59.41,100,11.54,67,NZ
426,salalah,1595986627,17.02,54.09,80.6,75,6.93,94,OM
427,huanuco,1595986627,-9.93,-76.24,59.68,10,0.85,64,PE
428,hailar,1595986383,49.2,119.7,78.73,91,9.55,53,CN
429,la rioja,1595986627,42.25,-2.5,69.8,90,6.93,73,ES
430,fraserburgh,1595986627,57.69,-2.02,54.0,100,37.0,79,GB
431,hambantota,1595986627,6.12,81.12,77.0,75,3.36,100,LK
432,sobolevo,1595986627,54.43,31.9,62.42,94,8.08,95,RU
433,port augusta,1595986627,-32.5,137.77,60.8,0,9.17,48,AU
434,corner brook,1595986627,48.97,-57.95,66.2,75,11.41,87,CA
435,takoradi,1595986625,4.88,-1.76,73.53,48,7.56,89,GH
436,mtsamboro,1595986628,-12.7,45.07,77.0,68,12.75,78,YT
437,erzin,1595986628,36.96,36.2,79.0,0,1.83,89,TR
438,aracati,1595986608,-4.56,-37.77,77.31,0,11.65,71,BR
439,cockburn town,1595986550,21.46,-71.14,83.55,24,19.64,81,TC
440,nguruka,1595986628,-5.11,31.04,60.82,9,5.55,63,TZ
441,terra santa,1595986628,-2.1,-56.49,75.09,0,1.28,61,BR
442,prince rupert,1595986628,54.32,-130.32,59.0,1,6.93,82,CA
443,nha trang,1595986488,12.25,109.18,89.6,20,1.12,66,VN
444,grand gaube,1595986628,-20.01,57.66,66.0,5,3.0,84,MU
445,bud,1595986628,39.45,-86.18,79.0,1,2.08,61,US
446,broome,1595986360,42.25,-75.83,75.2,1,4.7,47,US
447,russell,1595986629,32.35,-85.2,78.8,1,4.72,88,US
448,kharp,1595986629,66.8,65.81,54.34,28,8.14,60,RU
449,mindelo,1595986629,16.89,-24.98,78.8,20,10.29,83,CV
450,poum,1595986629,-20.23,164.02,73.8,100,31.63,87,NC
451,wad madani,1595986629,14.4,33.52,76.82,100,13.2,75,SD
452,kismayo,1595986629,-0.36,42.55,76.59,1,14.63,85,SO
453,cobija,1595986629,-11.03,-68.77,75.97,17,1.5,67,BO
454,ourinhos,1595986629,-22.98,-49.87,66.07,0,1.48,59,BR
455,ochakiv,1595986629,46.61,31.55,69.8,0,6.71,60,UA
456,hit,1595986629,33.64,42.83,95.04,5,9.04,16,IQ
457,rudsar,1595986630,37.14,50.29,80.6,40,2.24,83,IR
458,deputatskiy,1595986630,69.3,139.9,47.01,74,10.85,55,RU
459,bartica,1595986630,6.4,-58.62,78.8,40,2.24,94,GY
460,usinsk,1595986630,65.99,57.53,53.28,100,11.97,68,RU
461,benoni,1595986630,-26.19,28.32,43.0,0,3.96,79,ZA
462,sorland,1595986630,67.67,12.69,58.66,0,13.02,76,NO
463,maniitsoq,1595986630,65.42,-52.9,45.9,81,2.44,88,GL
464,nyurba,1595986630,63.28,118.33,57.72,100,9.22,62,RU
465,morant bay,1595986630,17.88,-76.41,86.0,20,16.11,66,JM
466,codrington,1595986621,-38.27,141.97,57.09,15,10.96,76,AU
467,ambulu,1595986630,-8.35,113.61,77.67,90,3.74,63,ID
468,tabuleiro do norte,1595986630,-5.25,-38.13,75.45,0,7.25,73,BR
469,clyde river,1595986631,70.47,-68.59,37.4,90,13.87,100,CA
470,juneau,1595986626,58.3,-134.42,64.4,75,3.36,55,US
471,yulara,1595986631,-25.24,130.99,62.6,0,5.82,26,AU
472,henties bay,1595986631,-22.12,14.28,54.0,0,1.99,95,NA
473,hay river,1595986631,60.82,-115.8,73.4,40,5.82,38,CA
474,kristiansund,1595986631,63.11,7.73,60.8,72,17.22,67,NO
475,pionerskiy,1595986631,54.95,20.23,62.6,51,11.18,88,RU
476,buzdyak,1595986631,54.58,54.55,60.06,28,5.79,86,RU
477,omagh,1595986631,54.6,-7.3,44.98,25,3.78,93,GB
478,saint-pierre,1595986631,-21.34,55.48,71.6,96,16.11,78,RE
479,murray bridge,1595986631,-35.12,139.27,59.0,0,1.99,79,AU
480,kiama,1595986632,-34.68,150.87,66.0,0,11.01,59,AU
481,glendive,1595986632,47.11,-104.71,87.8,1,12.75,31,US
482,tuban,1595986632,-6.9,112.06,79.66,100,12.39,66,ID
483,santo amaro da imperatriz,1595986632,-27.69,-48.78,55.4,90,10.29,87,BR
484,boa vista,1595986632,2.82,-60.67,80.6,40,4.7,74,BR
485,montivilliers,1595986632,49.55,0.19,59.0,40,9.17,82,FR
486,wanxian,1595986632,30.8,108.39,84.76,99,4.47,67,CN
487,wahiawa,1595986632,21.5,-158.02,87.8,75,12.75,65,US
488,chadiza,1595986632,-14.07,32.44,54.52,98,5.95,96,ZM
489,raudeberg,1595986632,61.99,5.14,57.2,62,6.93,93,NO
490,barcelona,1595986369,41.39,2.16,79.0,20,6.93,78,ES
491,kirakira,1595986632,-10.45,161.92,85.39,100,5.93,69,SB
492,beringovskiy,1595986632,63.05,179.32,61.93,42,10.94,61,RU
493,marsh harbour,1595986633,26.54,-77.06,82.38,78,8.43,75,BS
494,kasongo-lunda,1595986633,-6.47,16.82,64.08,0,0.58,43,CD
495,unguia,1595986633,8.04,-77.09,76.71,91,2.26,88,CO
496,kargat,1595986633,55.2,80.28,59.65,0,6.8,88,RU
497,chanika,1595986633,-5.42,38.02,63.05,87,3.85,94,TZ
498,whitecourt,1595986633,54.15,-115.69,77.0,75,9.17,53,CA
499,fomento,1595986633,22.1,-79.72,80.6,20,9.17,78,CU
500,poplar bluff,1595986633,36.76,-90.39,82.4,1,4.47,74,US
501,stokmarknes,1595986633,68.56,14.91,63.0,12,5.01,72,NO
502,jequitinhonha,1595986633,-16.43,-41.0,66.83,79,2.68,87,BR
503,gunnedah,1595986633,-30.98,150.25,53.6,90,2.57,93,AU
504,arica,1595986633,-18.48,-70.3,59.0,90,5.82,77,CL
505,the valley,1595986411,18.22,-63.06,84.2,75,18.34,74,AI
506,la asuncion,1595986634,11.03,-63.86,82.4,51,8.05,83,VE
507,indramayu,1595986395,-6.33,108.32,81.75,92,7.56,58,ID
508,vostok,1595986566,46.49,135.88,74.08,81,5.73,76,RU
509,taltal,1595986634,-25.4,-70.48,59.14,18,3.36,61,CL
510,filadelfia,1595986357,39.95,-75.16,88.0,75,9.17,48,US
511,pyaozerskiy,1595986634,65.83,31.17,54.91,19,5.21,73,RU
512,ossora,1595986565,59.24,163.07,60.8,97,7.23,77,RU
513,fort morgan,1595986634,40.25,-103.8,66.2,40,9.17,82,US
514,macamic,1595986634,48.75,-79.0,60.8,75,4.7,93,CA
515,gympie,1595986634,-26.19,152.66,64.99,0,3.0,52,AU
516,girau do ponciano,1595986634,-9.88,-36.83,66.16,2,4.36,98,BR
517,beech grove,1595986634,39.72,-86.09,79.0,1,2.77,61,US
518,mercedes,1595986634,-34.65,-59.43,42.01,0,2.91,62,AR
519,teahupoo,1595986635,-17.83,-149.27,82.4,75,19.46,65,PF
520,asfi,1595986635,32.3,-9.24,71.1,99,13.13,83,MA
521,sevsk,1595986635,52.15,34.49,61.66,28,4.45,82,RU
522,batamshinskiy,1595986635,50.56,58.27,57.2,0,2.91,82,KZ
523,swellendam,1595986635,-34.02,20.44,42.8,0,3.36,93,ZA
524,beoumi,1595986635,7.67,-5.58,71.6,20,4.7,100,CI
525,brownfield,1595986383,33.18,-102.27,86.0,52,3.0,51,US
526,houma,1595986580,29.6,-90.72,77.0,75,12.75,94,US
527,huescar,1595986363,37.81,-2.54,72.0,0,1.48,68,ES
528,sechura,1595986635,-5.56,-80.82,61.9,0,12.68,79,PE
529,neepawa,1595986636,50.23,-99.47,75.2,20,8.05,60,CA
530,intipuca,1595986636,13.2,-88.05,76.66,100,1.34,90,SV
